ID,Unit,PC No,Client Name,PC For Network,TV Display,Port No,Camera Numbers,No. of Cameras,Display Total,Cameras Total,Software,Recording Time
row_1790676629086_q30ez7,Unit 1,A1,VAI Haidwar,A1,TV 3,NVR 1,"01, 02, 03, 04, 05, 06, 07, 08, 09, 10, 11, 12, 13, 14, 15, 16, 17, 18",18,16,,iVMS 4200,"{""type"":""Live view"",""color"":""green"",""start"":""6 PM"",""end"":""6 AM""} || {""type"":""TV OFF"",""color"":""red"",""start"":""6 AM"",""end"":""9 AM""}"
row_1790676466961_1agkck,Unit 1,A1,VAPL Dhatir,A1,TV 1,8002,"01, 02, 06, 07, 03, 04, 08, 09, 05, 10, 15, 20, 11, 12, 16, 17, 13, 14, 18, 19, 21, 22, 23, 24",24,19,,iVMS 4200,"{""type"":""Live view"",""color"":""green"",""start"":""6 PM"",""end"":""6 AM""} || {""type"":""TV OFF"",""color"":""red"",""start"":""6 AM"",""end"":""9 AM""}"
row_1790676535412_45p77f,Unit 1,A1,VAPL Noida,A1,TV 2,5384,"01, 06, 08, 10, 13, 14, 15, 24, 25",9,7,,iVMS 4200,"{""type"":""Live view"",""color"":""green"",""start"":""6 PM"",""end"":""6 AM""} || {""type"":""TV OFF"",""color"":""red"",""start"":""6 AM"",""end"":""9 AM""}"
row_1790678953559_xfhhj7,Unit 1,A2,VAPL Faridabad,A2,TV 3,5385,"01, 02, 03, 05, 07, 08, 12, 15",8,8,,iVMS 4200,"{""type"":""Live view"",""color"":""green"",""start"":""6 PM"",""end"":""6 AM""} || {""type"":""TV OFF"",""color"":""red"",""start"":""6 AM"",""end"":""9 AM""}"
row_1790679039473_5inn5x,Unit 1,A2,VAPL Faridabad,A2,TV 3,5386,"04, 09, 07, 16",4,4,,iVMS 4200,"{""type"":""Live view"",""color"":""green"",""start"":""6 PM"",""end"":""6 AM""} || {""type"":""TV OFF"",""color"":""red"",""start"":""6 AM"",""end"":""9 AM""}"
row_1790679117629_nmahtv,Unit 1,A2,VAPL Faridabad,A2,TV 3,5388,"03, 06, 07, 08",4,4,,iVMS 4200,"{""type"":""Live view"",""color"":""green"",""start"":""6 PM"",""end"":""6 AM""} || {""type"":""TV OFF"",""color"":""red"",""start"":""6 AM"",""end"":""9 AM""}"
row_1790682959608_wk0628,Unit 1,A2,VAPL Haridwar,A2,TV 4,5387,"02, 03, 06, 07, 08, 09, 11, 13, 14, 15, 16, 18, 21, 22, 23, 24, 25, 26, 28, 29",20,20,,iVMS 4200,"{""type"":""Live view"",""color"":""green"",""start"":""6 PM"",""end"":""6 AM""} || {""type"":""TV OFF"",""color"":""red"",""start"":""6 AM"",""end"":""9 AM""}"
row_1790678837160_67ag29,Unit 1,A2,VAPL Sikri,A2,TV 2,NVR 1,"01, 02, 05, 06, 03, 04, 07, 08, 09, 10, 11, 12",12,12,,iVMS 4200,"{""type"":""Live view"",""color"":""green"",""start"":""6 PM"",""end"":""6 AM""} || {""type"":""TV OFF"",""color"":""red"",""start"":""6 AM"",""end"":""9 AM""}"
row_1790683272330_vxkhhw,Unit 1,A3,Shagun Group,A3,TV 3,Shagun Office,"06, 05, 08, 07, 03, 01, 12, 09,  22, 14, 13, 10",12,12,,EZstation,"{""type"":""Live view"",""color"":""green"",""start"":""6 PM"",""end"":""6 AM""} || {""type"":""TV OFF"",""color"":""red"",""start"":""6 AM"",""end"":""9 AM""}"
row_1790683532525_y6bpoh,Unit 1,A3,VTP,A3,TV 1,Central Store Weighbridge,1,1,1,,iVMS 4200,"{""type"":""Live view"",""color"":""green"",""start"":""6 PM"",""end"":""6 AM""} || {""type"":""TV OFF"",""color"":""red"",""start"":""6 AM"",""end"":""9 AM""}"
row_1790683481790_d8gema,Unit 1,A3,VTP,A3,TV 1,Euphoria Main Store,"02, 04",2,2,,iVMS 4200,"{""type"":""Live view"",""color"":""green"",""start"":""6 PM"",""end"":""6 AM""} || {""type"":""TV OFF"",""color"":""red"",""start"":""6 AM"",""end"":""9 AM""}"
row_1790683375849_j38q72,Unit 1,A3,VTP,A3,TV 1,Flamante Engg Office,"05, 06, 07",3,3,,iVMS 4200,"{""type"":""Live view"",""color"":""green"",""start"":""6 PM"",""end"":""6 AM""} || {""type"":""TV OFF"",""color"":""red"",""start"":""6 AM"",""end"":""9 AM""}"
row_1790683429452_y0r5yb,Unit 1,A3,VTP,A3,TV 1,Flamante Store,5,1,1,,iVMS 4200,"{""type"":""Live view"",""color"":""green"",""start"":""6 PM"",""end"":""6 AM""} || {""type"":""TV OFF"",""color"":""red"",""start"":""6 AM"",""end"":""9 AM""}"
row_1790683615914_wpuakh,Unit 1,A3,VTP,A3,TV 1,R10 Sales Outside NVR,3,1,1,,iVMS 4200,"{""type"":""Live view"",""color"":""green"",""start"":""6 PM"",""end"":""6 AM""} || {""type"":""TV OFF"",""color"":""red"",""start"":""6 AM"",""end"":""9 AM""}"
row_1790683574157_g4qp1f,Unit 1,A3,VTP,A3,TV 1,Verve Store,3,1,1,,iVMS 4200,"{""type"":""Live view"",""color"":""green"",""start"":""6 PM"",""end"":""6 AM""} || {""type"":""TV OFF"",""color"":""red"",""start"":""6 AM"",""end"":""9 AM""}"
row_1790683931031_i7ydhm,Unit 1,A3,VTP,A3,TV 2,Bellissimo tower and Mivan Yar,1,1,1,,iVMS 4200,"{""type"":""Live view"",""color"":""green"",""start"":""6 PM"",""end"":""6 AM""} || {""type"":""TV OFF"",""color"":""red"",""start"":""6 AM"",""end"":""9 AM""}"
row_1790683823966_8cmitv,Unit 1,A3,VTP,A3,TV 2,Dolce Vita Front Side NVR,7,1,1,,iVMS 4200,"{""type"":""Live view"",""color"":""green"",""start"":""6 PM"",""end"":""6 AM""} || {""type"":""TV OFF"",""color"":""red"",""start"":""6 AM"",""end"":""9 AM""}"
row_1790684038488_094l46,Unit 1,A3,VTP,A3,TV 2,Flamante Sales NVR,7,1,1,,iVMS 4200,"{""type"":""Live view"",""color"":""green"",""start"":""6 PM"",""end"":""6 AM""} || {""type"":""TV OFF"",""color"":""red"",""start"":""6 AM"",""end"":""9 AM""}"
row_1790683671696_719eo9,Unit 1,A3,VTP,A3,TV 2,Pegasus MLCP Store,3,1,1,,iVMS 4200,"{""type"":""Live view"",""color"":""green"",""start"":""6 PM"",""end"":""6 AM""} || {""type"":""TV OFF"",""color"":""red"",""start"":""6 AM"",""end"":""9 AM""}"
row_1790683721706_zje2a6,Unit 1,A3,VTP,A3,TV 2,R10 Sales Outside NVR,5,1,1,,iVMS 4200,"{""type"":""Live view"",""color"":""green"",""start"":""6 PM"",""end"":""6 AM""} || {""type"":""TV OFF"",""color"":""red"",""start"":""6 AM"",""end"":""9 AM""}"
row_1790683885758_s814af,Unit 1,A3,VTP,A3,TV 2,Sierra Aluform Store,5,1,1,,iVMS 4200,"{""type"":""Live view"",""color"":""green"",""start"":""6 PM"",""end"":""6 AM""} || {""type"":""TV OFF"",""color"":""red"",""start"":""6 AM"",""end"":""9 AM""}"
row_1790683974268_2raqx9,Unit 1,A3,VTP,A3,TV 2,Verve Site NVR,3,1,1,,iVMS 4200,"{""type"":""Live view"",""color"":""green"",""start"":""6 PM"",""end"":""6 AM""} || {""type"":""TV OFF"",""color"":""red"",""start"":""6 AM"",""end"":""9 AM""}"
row_1790683772091_evl46t,Unit 1,A3,VTP,A3,TV 2,Weight Bridge NVR,"03, 04",2,2,,iVMS 4200,"{""type"":""Live view"",""color"":""green"",""start"":""6 PM"",""end"":""6 AM""} || {""type"":""TV OFF"",""color"":""red"",""start"":""6 AM"",""end"":""9 AM""}"